query,grade,id,snippet,notes
Is it ok to hear my heart beat?,3,4542:0,Why can I hear my heart beat louder after rigorous exercise,
Is it ok to hear my heart beat?,3,5264:0,Is there such a thing as a hard heart beat? (as opposed to a fast heart beat),
Is it ok to hear my heart beat?,2,5264:5,Would this 'harder' heat beat burn more calories than a normal strength heart beat at the same bpm?,
Is it ok to hear my heart beat?,3,825:0,Is it normal to feel your heart beat in your chest?,
Is it ok to hear my heart beat?,2,20236:0,"How does cold weather affect blood flow, heart beat, and heart attack?",
Is it ok to hear my heart beat?,3,825:0,Is it normal to feel your heart beat in your chest?,
Is it ok to hear my heart beat?,3,12427:3,"The other day when i woke up i felt my heart beating hard, and i occasionally feel my heart beating without touching it with my hands.",
Is it ok to hear my heart beat?,3,5264:2,After a heavy set of squats for instance I can hear my heart beating in my ears and feel it beating in my chest.,beating matched to beat
Is it ok to hear my heart beat?,3,825:1,"Is it normal for a person to at times feel their heart beat in their chest without actually placing their hand on their chest, while at other times not be able to (even though the pulse is strong, regular and consistent in both instances) or is this potentially a symptom of a cardiovascular disease?",
Is it ok to hear my heart beat?,3,4542:1,As I understand exercise increases hear rate. Why should an increase in hear rate feel like the heart is also beating louder (not just faster).,
what are the food combinations to avoid?,3,8850:1,I read that the combination of bananas and eggs is poisonous.,<nutrition><food-poisoning>,
what are the food combinations to avoid?,1,18504:4,in different combinations and looked into research articles related to breast cancer and its metastases).,
what are the food combinations to avoid?,1,5708:3,Is the stomach acid combined with healthy food the same as stomach acid combined with unhealthy food?,<digestion><stomach>,
what are the food combinations to avoid?,1,5708:4,The endpoint is that I'm trying to find out will stomach acid combined with healthy food make less damage to the esophagus than the stomach acid combined with unhealthy food or is stomach acid just stomach acid no matter which type of food it interacts with?,<digestion><stomach>,
what are the food combinations to avoid?,1,18921:0,"Foods/drugs/vitamins to avoid, or not avoid, for tardive dyskinesia",
what are the food combinations to avoid?,1,18921:5,"Is there anything known on foods/vitamins/drugs to avoid, or not avoid, in a similar vein to this study?",
what are the food combinations to avoid?,2,17340:4,What foods to avoid or supplements to take?,
what are the food combinations to avoid?,1,1469:0,"What is Junk food? When doctors advise to avoid junk food, what does that mean?",no match on ‘combinations’
what are the food combinations to avoid?,1,16067:2,"What does this mean? Is there now a documented food safety risk for Gatorade, and that perhaps I should avoid drinking it?",no match on ‘combinations’
what are the food combinations to avoid?,1,19424:35,How does one explain 'avoid purines in food' if purine-rich plant food isn't counting? How does one explain 'avoid alcohol' if alcoholic wine seems fine?,no match on ‘combinations’
what are the food combinations to avoid?,2,1157:1,"As a pollen allergic, should I avoid of eating some kinds of food which may increase pollen allergy symptoms?",no match on ‘combinations’
what are the food combinations to avoid?,1,24361:5,"Now, I am really curious; could you avoid food poisoning when eating bad oysters by drinking unhealthy amounts of hard liquor at the same time?",no match on ‘combinations’
what are the food combinations to avoid?,1,1469:1,"A doctor has advised my friend to leave off eating junk food. Following are things which he eats generally, but which are junk among them?",food avoid → junk (?)
what are the food combinations to avoid?,1,15145:2,"elimination diets, a low carb diet, intermittent fasting and grain elimination.",
what are the food combinations to avoid?,1,1187:0,Are there any sustainable alternatives to eating food?,
what are the food combinations to avoid?,1,9539:2,"Assortment of the chains typically include the following: hamburgers/whoppers, cheeseburgers, sandwiches, French fries (chips), fried chicken and so on.",
what are the food combinations to avoid?,1,13041:6,Or is it not advisable to eat any of the food?,
what are negative eye powers?,2,27515:0,Why do optometrists recommend dilation when the power of a lens can be measured even by a ruler?,<eye><ophthalmology><optometry><eye-exam>,
what are negative eye powers?,2,27515:1,"I don't understand why optometrists dilate your eyes, which is a very annoying thing, when eye power can be measured by just a ruler at your home as suggested by this, which just uses a 100/(distance after which your blur horizon begins), which logically is the correct method, as suggested by physics laws governing lenses.",<eye><ophthalmology><optometry><eye-exam>,
what are negative eye powers?,1,20794:0,Why can't we just close our eyes periodically to reduce eye strain?,
what are negative eye powers?,1,8890:0,Can eye drops cure dry eyes?,
what are negative eye powers?,1,18561:0,What are the official eye colors?,
what are negative eye powers?,1,20794:2,"From what I understand, it works by allowing the muscles the eye uses to relax. However, I don't follow why the same can't be accomplished by just closing the eyes.",
what are negative eye powers?,3,3355:4,Could someone explain me how what eye power -6 means in respect to closeness of blindness? What can be the minimum negative eye power and maximum positive eye power of an eye?,
what are negative eye powers?,3,957:5,"I saw negative integers (like -5,-2) sometimes, but I didn't understand how they work exactly. I guess they measure how bad your eyesight is compare to average. My optometrist used dioptries.",
what are negative eye powers?,1,21337:2,"How accurate are the tests? What are the odds that Sophie Trudeau's results are a false positive, or that Justin Trudeau's negative result is a false negative?",no match on ‘eye powers’
what are negative eye powers?,1,18872:2,"https://www. fixmanboobs.com. au/the-anti-gynecomastia-powers-of-turmeric/) claiming that the ingredient curcumin in turmeric is an effective estrogen blocker, and hence can be used to reduce gynecomastia (male breasts).",no match on ‘eye’
what are negative eye powers?,1,4058:1,"I constantly crack (or pop) my knuckles. Are there any negative (or positive) side effects to it? I like to crack my knuckles, but I want to stop if it can have negative effects.",
what are negative eye powers?,2,3355:1,One of my friends went to an eye specialist for checkup and the doctor told him that his eye power changed from -6 from -4.5.,
what are negative eye powers?,3,3355:0,What does eye power -6 means and how close to blindness is it?,
what are negative eye powers?,3,3355:4,Could someone explain me how what eye power -6 means in respect to closeness of blindness? What can be the minimum negative eye power and maximum positive eye power of an eye?,
what are negative eye powers?,3,3355:3,I can understand that -6 means the vision is in very poor state but don’t have any idea how much worse it is.,
what are negative eye powers?,1,20794:3,"Does it not let the muscles they eye use relax? If so, why not?",
How many calories do I have to burn to lose 1 Kilogram in weight?,1,14273:1,"So, I recently learned about how exactly obesity is formed. I learned that if you consume too many calories but don't burn enough of them, your body will start to form fat.",<weight><overweight><obesity>,
How many calories do I have to burn to lose 1 Kilogram in weight?,1,1238:1,"I am 19 years old, am 6 feet and 1 inch (1.85 meters) tall, and I weigh 130 pounds (59 kilograms). How can I increase my body weight? Are there any tablets that will do the job?",
How many calories do I have to burn to lose 1 Kilogram in weight?,1,4426:1,I have friends who are trying to lose weight and they keep saying they can't eat certain foods because it is high in carbs and carbs are fattening.,
How many calories do I have to burn to lose 1 Kilogram in weight?,2,5974:4,Prior to that I was walking on the treadmill for 60 minutes at about 3 to 3.5 mph and an incline of 6 and burning about 400 per day.,
How many calories do I have to burn to lose 1 Kilogram in weight?,2,406:1,"A commonly quoted figure is that 1-2 pounds (0.5-1 kg) a week is a healthy rate at which to lose weight, and that 'crash diets' are bad for you.",
How many calories do I have to burn to lose 1 Kilogram in weight?,2,1284:4,My thinking is from what I know is weight lost is dependent on how many calories you put into yourselves and how many you burn off.,
How many calories do I have to burn to lose 1 Kilogram in weight?,2,14556:0,How many calories does it burn to regrow a liver?,
How many calories do I have to burn to lose 1 Kilogram in weight?,1,14714:0,How should I account for a blood donation while couting calories/trying to lose weight?,
How many calories do I have to burn to lose 1 Kilogram in weight?,3,17419:2,The standard answer is therefore that a deficit of 7700 Kcal is needed to lose 1 kg of body weight in the form of body fat.,
How many calories do I have to burn to lose 1 Kilogram in weight?,3,5394:0,"How many Calories Deficit Equals 1 KG Loss, approximately",
How many calories do I have to burn to lose 1 Kilogram in weight?,3,5394:1,"How many Calories Deficit Equals 1 KG Lost? I intend to loose weight and burn 500 calories daily in Gym. How many Calories Deficit Equals 1 KG Weight Loss, approximately?",
How many calories do I have to burn to lose 1 Kilogram in weight?,3,17419:0,"7700 Kcal deficit per per kg weight loss, or just 3600 Kcal deficit per kg weight loss?",
How many calories do I have to burn to lose 1 Kilogram in weight?,3,797:0,Does 3500 calories really equal a pound?,
prevent stomach ache when taking medication,1,1696:3,"Whenever I have a head ache, I take an APC. I suspect it's actually the aspirin in there that does the job, since when I take just paracetamol, it doesn't do squat.",<medications><analgesics>,
prevent stomach ache when taking medication,1,16659:2,"What are some useful methods, strategies or techniques that are available to an individual to prevent them from forgetting to take their medication and help them recall if they have already taken it?",<medications>,
prevent stomach ache when taking medication,3,4433:0,"When is a stomach ""empty"" for the purpose of taking medication?",
prevent stomach ache when taking medication,1,9520:0,Stomach ache after drinking tea,
prevent stomach ache when taking medication,3,4525:1,"Very often, doctors or pharmacists will advise patients to take certain pills with food to ""act as a buffer"" so the patient is less likely to get a stomach ache from taking the pill.",
prevent stomach ache when taking medication,2,5354:2,"Saccharomyces boulardii with a ""full stomach antibiotic"" what's the best thing to do? Take them together even though you are on a full stomach or take Saccharomyces boulardii before eating and then antibiotics after?",
prevent stomach ache when taking medication,3,5354:1,On Saccharomyces boulardii leaflet it's written that it has to be taken on an empty stomach (at least 15 minutes before eating) but if it's to be taken with antibiotics then you should take them together.,
prevent stomach ache when taking medication,2,5354:0,Saccharomyces boulardii with antibiotics. When to take?,
prevent stomach ache when taking medication,1,21264:10,Does drinking water constantly prevent viral infection?,
prevent stomach ache when taking medication,1,20442:0,Preventing NSAID-associated GI bleeding,
prevent stomach ache when taking medication,1,9520:1,I always get a stomach-ache after drinking tea that contains actual tea (so not from fruit tea or herbal tea).,
prevent stomach ache when taking medication,1,9520:3,How can I find out which one causes the stomach ache? I don't like cola and coffee so never really drink other things with caffeine.,
prevent stomach ache when taking medication,3,4525:0,How much food is necessary to buffer the stomach when taking medicine?,
prevent stomach ache when taking medication,3,4525:6,"(As a side note, not all pills should be taken with food; some pills are to be taken on an empty stomach.",
prevent stomach ache when taking medication,2,11820:0,can I take pills before food?,
is it ok to use a pillow?,1,1222:7,"If they are bad, is it still ok to use them if I brush my teeth right after using them?",
is it ok to use a pillow?,1,13407:0,Is it OK to use soap to clean penis?,
is it ok to use a pillow?,1,13407:1,I have something white dots on my penis. Is it OK to use soap to clean penis? Or what should you use to clean penis?,
is it ok to use a pillow?,1,1222:5,Or is it ok assuming I do not use them too much?,
is it ok to use a pillow?,3,5044:11,"Sleep benefits: Some argue that pillows interfere with quality sleep, especially when people use the wrong pillow.",
is it ok to use a pillow?,1,8968:0,Is it ok to use sterile eye drops every day,
is it ok to use a pillow?,3,5044:0,Is it better to sleep without a pillow?,
is it ok to use a pillow?,3,5044:2,"Is Sleeping Without a Pillow a Good Choice? Yes, it is.",
is it ok to use a pillow?,3,5044:6,"http://www. snoringmouthpiece-reviews.com/sleep-without-pillow/ While sleeping with or without a pillow is a personal preference, there are some medical experts that believe there are real benefits of sleeping without a pillow.",
is it ok to use a pillow?,3,5044:1,I have read several web pages that mention the potential benefits of sleeping without a pillow. Examples: http://www. newhealthadvisor.com/Sleeping-Without-a-Pillow.,
is it ok to use a pillow?,2,5044:5,"Even as we age, our body, including heads and necks, is able to rest comfortably without the support of a pillow.",
my urine is very yellow. Is this a problem?,1,9035:1,"I have heard of people using urine as a mouthwash. There are a lot of claims that it helps to cure a variety of dental problems, such as gum inflammation. So far, I can only find anecdotal evidence.",<oral-health><urine><gums><mouthwash><gingivitis>,
my urine is very yellow. Is this a problem?,3,99:0,Why does my antibiotic make my urine yellow?,
my urine is very yellow. Is this a problem?,1,16926:4,"As I understand, specific gravity is calculated for each period.",
my urine is very yellow. Is this a problem?,1,16926:7,Maybe some other test(s) are used instead of it in the West?,
my urine is very yellow. Is this a problem?,3,99:1,"When I was given antibiotics for fever by my doctor, I noticed that my urine is unusually yellow. Why is that?",
my urine is very yellow. Is this a problem?,1,13662:0,"Why are parts of my teeth super white, but most yellow?",
my urine is very yellow. Is this a problem?,1,11995:1,I came from my doctor and he did a urine sample and said there was blood in my urine.,
my urine is very yellow. Is this a problem?,1,16926:0,Is the Zimnitsky Urine Test used in the West at all? What tests are used instead?,
my urine is very yellow. Is this a problem?,1,7177:5,"I can reduce the problem by drinking plenty of water before going to bed, but I will wake up to pee in the middle of the night and the urine is very diluted so I assume I drank more water than needed to keep the salt balance (I've read 0.6 % blood salt concentration), but I can still very much feel the effect.",
my urine is very yellow. Is this a problem?,2,14785:1,"I was warned recently that eating beets can cause reddish-purple urine, which got me thinking.",
my urine is very yellow. Is this a problem?,2,7010:3,Does it matter if the urine color changes dramatically like when a person takes a large B-complex vitamin capsule?,
my urine is very yellow. Is this a problem?,1,1213:0,Is it safe to drink urine when you have nothing else to drink?,
is it ok to go to the pool after I had a piercing?,3,5733:2,I swim regularly (4-5 times a week) in a swimming pool and I was wondering if there is any problem with swimming during the healing period of the piercing.,
is it ok to go to the pool after I had a piercing?,2,1270:1,"OK, I have an ear infection. The doctor says that I should not allow any water to go into my ears.",
is it ok to go to the pool after I had a piercing?,1,14531:1,"To their horror, they saw two bodies in the deep end of the pool. They all jumped into the pool and pulled out the bodies.",
is it ok to go to the pool after I had a piercing?,3,5733:0,Is it safe to swim during the healing period of a nipple piercing?,
is it ok to go to the pool after I had a piercing?,1,5733:4,"P.S. I haven't still decided if I am going to get the piercing or not, that's the reason why I haven't still asked a professional about it.",
is it ok to go to the pool after I had a piercing?,3,5733:3,"Is it possible or should it be avoided? In case it is possible, should any special precautions be taken?",
is it ok to go to the pool after I had a piercing?,1,5733:1,I am a male and I am considering to get one of my nipples pierced.,
is it ok to go to the pool after I had a piercing?,1,11846:6,"A good example is playing pool. When I look at the ball I am going to want to pot, I see my cue and the white ball 'double' and am unable to make the shot.",
is it ok to go to the pool after I had a piercing?,1,23998:13,"If they are tested by pools (and the pool size is maintained at 10 swabs per pool), the ten infected employees will still not have been positively identified, making a third round and fourth round of testing a necessity.",
is it ok to go to the pool after I had a piercing?,1,11464:4,Is it ok if I just say I'm not taking any medications?,
does gun powder help sealing a wound?,2,4335:4,Presumably to seal the wound more completely by cauterizing it.,<first-aid><stitches><penetrate-trauma-wound><exsanguination>,
does gun powder help sealing a wound?,1,3835:3,"I was also wondering, since grafting is the usual medical practice for such wounds, would a stitch help?",
does gun powder help sealing a wound?,1,17010:7,"While trying to research this, I found a help page of the German Red Cross stating that it is forbidden to (a) touch, (b) clean, (c) apply powder, creams, sprays, disinfectants and (d) remove foreign matter.",
does gun powder help sealing a wound?,2,66:1,I have used vitamin E to help prevent scarring. Are there any other topical applications that can assist wound healing and prevent scarring?,
does gun powder help sealing a wound?,1,12908:1,"In case a victim of an accident or gun shot or other trauma of that sort is heavily bleeding, does it increase survival chances to tell them to stay awake?",
does gun powder help sealing a wound?,3,4335:3,"The solution presented in the film is to rub some gunpowder (assuming period accuracy, this would be early 1800's black powder, not the modern stuff) into the wound and then ignite it.",
does gun powder help sealing a wound?,1,9101:4,What is the absorption rate of powder vitamin?,
does gun powder help sealing a wound?,1,19179:3,"My guess is that because she's lost a lot of blood due to a gun shot, her blood pressure would be lower.",
does gun powder help sealing a wound?,3,4335:6,Is gunpowder a plausible method of closing a wound if/when no other alternatives are readily available?,
does gun powder help sealing a wound?,3,4335:0,Can you cauterize a wound with gunpowder?,
does gun powder help sealing a wound?,1,11917:0,When not to apply pressure to bullet wound?,
does gun powder help sealing a wound?,1,113:4,Does using urine helps in this regad?,
is it ok to eat after brushing my teeth at night?,1,1222:7,"If they are bad, is it still ok to use them if I brush my teeth right after using them?",<dentistry><side-effects><micronutrients><oral-health>,
is it ok to eat after brushing my teeth at night?,1,20822:2,"I don't eat breakfast in the morning, and told the dentist that, and they confirmed that first thing in the morning was still the recommendation.",
is it ok to eat after brushing my teeth at night?,1,20822:3,"I didn't press them more, but now wish that I had done so.",
is it ok to eat after brushing my teeth at night?,1,20822:10,"Is there any medical significance to brushing your teeth after waking up, if you're not going to eat until lunch?",
is it ok to eat after brushing my teeth at night?,1,10013:2,I brush two times a day once in the morning and once in the night. But I am still having yellow stains in my teeth.,
is it ok to eat after brushing my teeth at night?,1,12800:3,"Further, can I eat potatoes and breads without brushing ever again and not have any adverse effects on my teeth?",
is it ok to eat after brushing my teeth at night?,1,20822:0,Does brushing your teeth immediately after sleeping have some medical significance?,
is it ok to eat after brushing my teeth at night?,2,4044:2,"Sometimes I get hungry after brushing my teeth in the evening, however, and I'll be tempted to eat something.",
is it ok to eat after brushing my teeth at night?,3,4044:0,Is eating after brushing before bed all that bad?,
is it ok to eat after brushing my teeth at night?,3,4044:2,"Sometimes I get hungry after brushing my teeth in the evening, however, and I'll be tempted to eat something.",
is it ok to eat after brushing my teeth at night?,1,20822:0,Does brushing your teeth immediately after sleeping have some medical significance?,
is it ok to eat after brushing my teeth at night?,2,5597:1,"Usually in the morning I brush my teeth after breakfast. But my dentist told me that it's better not brush them right after eating food, because eating makes them soft.",
what are the effects of drinking coffee?,1,65:4,"I typically drink green tea instead of coffee, since the effect is more mild.",<caffeine><drug-metabolism><energy><shake-tremble-fidget>,
what are the effects of drinking coffee?,3,16258:2,"I do drink quite a few cups of coffee. And I'm aware that, contrary to belief, cups of coffee do actually count as water intake.",<water>,
what are the effects of drinking coffee?,2,309:0,How much coffee can a healthy adult drink?,<nutrition>,
what are the effects of drinking coffee?,3,16310:0,Coffee for solving sleep problems?,
what are the effects of drinking coffee?,3,16279:5,Is my hypothesis correct?,
what are the effects of drinking coffee?,3,7348:1,"I'm in my mid thirties. For all my life, the only beverage I liked was water.",
what are the effects of drinking coffee?,1,22950:3,What's the worst thing that could happen?,
what are the effects of drinking coffee?,2,309:1,How much coffee can a healthy adult drink before it starts to affect them in a bad way?,
what are the effects of drinking coffee?,3,17497:0,Did science backtrack regarding coffee causing dehydration?,
what are the effects of drinking coffee?,3,9083:0,How can caffeine cause nausea?,
what are the effects of drinking coffee?,3,12008:0,How does coffee affect blood sugar levels?,
what are the effects of drinking coffee?,2,7348:0,Should i start drinking coffee or tea for health reasons?,
what are the effects of drinking coffee?,3,1952:0,How much space should be in between taking an antidepressant and drinking coffee?,
what are the effects of drinking coffee?,3,4879:3,But coffee has many more active substances than just caffeine. What effect does the drinking of coffee have on fluid balance in the body?,
what are the effects of drinking coffee?,3,5237:1,"I love my coffee. Though, when I have it, I get a headache. This was quite disappointing so I stopped drinking it.",
what are the effects of drinking coffee?,2,9319:9,"Long story short, if I am drinking 1 of these a day.",
wrist pain,3,11842:0,Wrist pain when bent back,
wrist pain,3,22922:0,Wrist pain when bearing weight and bending both sides,
wrist pain,3,191:0,Right wrist pain from using computer mouse,
wrist pain,3,11842:5,It has been this way for a few weeks now.,
wrist pain,3,11842:3,"The pain is along the top of the wrist, somewhat on the ulnar side although radiating out to the whole wrist to some extent.",
wrist pain,3,22922:2,2018 begining I started feeling very light pain in the middle of my right wrist joint when ever I use it to stand up pushing my self using my right hand agents the ground when Im sitting or standing.,
wrist pain,3,22922:5,I went to 5 Doc so far but no one told me exactly whats the issue.,
wrist pain,3,11842:1,"I get quite a strong pain in my wrist when I bend it back, or play a wrist-intensive sport like squash, but the rest of the time my wrist is OK and my fingers don't feel any different either.",
athletes's foot,3,7536:3,"The maker, Novartis, advertises it as a treatment for athlete's foot. But the company writes that it ""is only recommended for the treatment of athlete's foot (tinea between the toes)"".",<medications><fungal-infection><athletes-foot><jock-itch-tinea-cruris><ringworm>,
athletes's foot,3,3618:1,"As you may know, one of the reasons athletes's foot and jock itch fungus are so hard to kill with OTC medicines like Lotrimin and Lamisil is because after you treat it, it is extremely difficult not to reinfect yourself with the fungal spores by re-wearing the same clothes and sleeping in the same bed sheets.",
athletes's foot,2,10213:0,Can pitted keratolysis consist of only one lesion?,
athletes's foot,3,13058:0,What are the health implications of using ethylene glycol to treat athletes foot (tinea pedis),
athletes's foot,2,9264:0,What causes smelly feet?,
athletes's foot,3,3618:0,How to do laundry to kill and prevent athlete's foot fungus?,
athletes's foot,3,9264:2,"condition called hyperhidrosis, which makes you sweat more than usual. Fungal infections, such as athlete's foot, can also lead to bad foot  odour.",
athletes's foot,2,13058:5,I would guess this is still below the actual exposure that any car mechanic would get on a daily base during his/her work.,
athletes's foot,3,10213:1,Is this an instance of pitted keratolysis? There are no other lesions on the feet. Or is it athlete's foot?,
athletes's foot,3,13058:4,"Areas to be treated are the soles of both feet, the toes with the area between them, under the toe nails and the area on top of the toes.",
athletes's foot,1,13542:1,Recently I bought a pair of running shoes (with a lot of cushioning) and another pair of casual shoes.,
athletes's foot,1,3177:3,"When I watch football matches, I notice that this situation seems to be even more extreme in some professional players, i.e. when they're lying naturally on the ground they have their playing foot pointing outward much more than the other foot.",
is washing with hot or cold water better at killing germs?,1,17260:1,"I want to ask, between cold, warm and hot water, which one is better to drink for relieving constipation? Sources and references please.",
is washing with hot or cold water better at killing germs?,3,500:3,Does washing your hands with hot water kill germs better than washing them with cold water?,
is washing with hot or cold water better at killing germs?,3,500:0,Does hot water kill germs better than cold water?,
is washing with hot or cold water better at killing germs?,3,500:1,I was recently told that I should use hot water to wash my hands rather than using cold water because the hot water will kill germs better.,
is washing with hot or cold water better at killing germs?,2,13647:0,When is hand sanitizer appropriate/sufficient in place of warm water and soap?,
is washing with hot or cold water better at killing germs?,1,17260:0,"Drink Cold, Warm, or Hot water. Which one is better for constipation?",
"is it true that smokers suffer from lack of oxygen in their lungs, I think this is oxygen saturation?",1,17540:12,"(Like the amount/% of oxygen being pumped in a LOT of oxygen in the lungs all at once, and the lungs start to hurt?",
"is it true that smokers suffer from lack of oxygen in their lungs, I think this is oxygen saturation?",2,3043:1,We've probably all seen photos of smokers' lungs compared to non-smokers lungs.,
"is it true that smokers suffer from lack of oxygen in their lungs, I think this is oxygen saturation?",2,14305:0,how to clean ex smokers lungs,
"is it true that smokers suffer from lack of oxygen in their lungs, I think this is oxygen saturation?",2,3553:0,What effects does an oxygen saturation between 90% and 94% have on the body?,
"is it true that smokers suffer from lack of oxygen in their lungs, I think this is oxygen saturation?",2,3553:1,"Many different sources note that normal oxygen saturation for healthy people is 95% or higher. Oxygen saturation below 90% or other sources 88%, is considered low.",
"is it true that smokers suffer from lack of oxygen in their lungs, I think this is oxygen saturation?",2,3043:0,"Is ""smokers lungs"" a lie?",
"is it true that smokers suffer from lack of oxygen in their lungs, I think this is oxygen saturation?",1,19746:0,What oxygen saturation level causes fainting?,
"is it true that smokers suffer from lack of oxygen in their lungs, I think this is oxygen saturation?",3,501:0,Oxygen saturation value of smokers,
"is it true that smokers suffer from lack of oxygen in their lungs, I think this is oxygen saturation?",3,501:4,"When I was a smoker, my own SpO2 was usually 100%. The saturation of my smoker colleagues who tried is also normal.",
"is it true that smokers suffer from lack of oxygen in their lungs, I think this is oxygen saturation?",3,501:2,"I've read (non-sourced Wikipedia FR fragment, no mention of this in Wikipedia EN) and heard (informal discussions with medical and rescue staff) that this value decreases significantly if the subject is a smoker.",
"is it true that smokers suffer from lack of oxygen in their lungs, I think this is oxygen saturation?",3,501:5,"This doesn't prove anything as this does not constitute a study - just a bunch of measure without methodolology -, this is just to say I never observed this phenomenon.",
"is it true that smokers suffer from lack of oxygen in their lungs, I think this is oxygen saturation?",3,501:3,"This raises the following questions: Is this true, and why? What are usual SpO2 values for smokers?",
"is it true that smokers suffer from lack of oxygen in their lungs, I think this is oxygen saturation?",1,3951:0,Bleomycin and Oxygen,
"is it true that smokers suffer from lack of oxygen in their lungs, I think this is oxygen saturation?",1,5884:3,"So in this scenario, the only things he would directly suffer from are lack of freedom and possibly boredom.",
"is it true that smokers suffer from lack of oxygen in their lungs, I think this is oxygen saturation?",1,14850:2,Do the Inuits suffer from any malnutrition or digestion issues because of a lack of fibre in their diet?,
"is it true that smokers suffer from lack of oxygen in their lungs, I think this is oxygen saturation?",1,21106:2,"If I think about this, the answer must lie in glycolysis.",
"is it true that smokers suffer from lack of oxygen in their lungs, I think this is oxygen saturation?",1,4994:8,"My questions are: The lack of awareness of this procedure leads me to believe that it is not that common. If this is true, why is it so? Are there risks? Is the success rate not high?",
what is pathogenesis?,2,5671:7,"Furthermore, additional insight into the pathogenesis of brain diseases obtained with 7 T MRI could be the basis for new treatment developments.",<tendinopathy><diagnostics><mri><medical-imaging>,
what is pathogenesis?,2,14604:2,"The association of Crohn's disease with westernization has implicated lifestyle factors in pathogenesis. While diet is a likely candidate, evidence for specific changes in dietary habits and/or intake has been lacking.",<fibre><gut-microbiota-flora><fodmap>,
what is pathogenesis?,1,24764:1,"Lacunar strokes (small-vessel subcortical strokes) are commonly caused by ""lipohyalinosis"" or ""microatheroma""(1). Both mechanisms appear to be related to hypertension and diabetes, but I haven't been able to find a good definition for these terms.",
what is pathogenesis?,1,24764:3,"Unfortunately this paper titled ""Mechanisms in lacunar infarction"" doesn't define the terms either... Source: Horowitz DR, Tuhrim S, Weinberger JM, Rudolph SH. Mechanisms in lacunar infarction. Stroke. 1992 Mar;23(3):325-7. doi: 10.1161/01. str. 23.3. 325. PMID: 1542890. https://pubmed. ncbi. nlm.",
what is pathogenesis?,1,24764:0,What is the difference between lipohyalinosis and microatheroma?,
what is pathogenesis?,1,24764:2,What is the difference between these two mechanisms?,
what is pathogenesis?,3,14604:7,One of the greatest challenges in defining the pathogenesis of Crohn's disease is to identify predisposing environmental factors.,
what is pathogenesis?,3,1865:3,"etiology - ""The study of causes, as in the causes of a disease"". Pathogenesis: ""The development of a disease and the chain of events leading to that disease"".",
what is pathogenesis?,3,1865:0,"What's the difference between etiology, pathogenesis, pathology, pathophysiology and epidemiology?",
what is pathogenesis?,1,4361:3,This made me curious.,
what is pathogenesis?,1,3525:2,Is there any disease that can be caused by this?,
what is pathogenesis?,2,9893:0,Can viruses be inherited?,
can ultrasound cause damage?,1,15496:1,"Some forms of tinnitus are caused by damage to the microscopic hairs in the inner ear, that, once damaged, can send electrical signals that cause the ringing sound.",<hearing><ear><tinnitus><cure><deaf>,
can ultrasound cause damage?,1,18108:3,"If knee damage is because of heavy weight, walking causes them to lose weight, which will again will not cause knee damage (as they reduced weight).",
can ultrasound cause damage?,1,14368:0,"Could the cerebral hypoxia caused by voluntarily hyperventilating for an hour (""breathwork"") cause brain damage?",
can ultrasound cause damage?,1,262:1,"Given a normal ultrasound, what are some possible causes of a dull right lower quadrant abdominal pain lasting up to a week in duration in a 30 year old female patient?",
can ultrasound cause damage?,1,15849:0,Can ultrasound gel be used as an internal lube?,
can ultrasound cause damage?,1,9537:3,How is the process of the transvaginal ultrasound different than just a regular ultrasound? I imagine it's inserted into the vagina? Is it quite painful? Thanks!,
can ultrasound cause damage?,1,9537:0,Would a regular ultrasound be able to differnciate a benign ovarian cyst from an ovarian tumor? Or is a Transvaginal ultrasound needed?,
can ultrasound cause damage?,1,19146:0,Is transvaginal ultrasound the only imaging modality option for diagnosis of PCOS?,
can ultrasound cause damage?,1,14685:4,"Does it cause a real damage, or to this quantities the body recovers.",
can ultrasound cause damage?,1,4179:1,I believe American football and boxing are proven to cause brain damage. I would consider it severe and life changing. But does punching a heavy bag cause subtler brain damage?,
can ultrasound cause damage?,1,13846:3,"If the decibels are equal, does low frequency sound cause the same amount of total hearing damage as other frequencies? If not, how much less damage does it cause? What is the maximum safe threshold for lower frequencies?",
can ultrasound cause damage?,1,18108:0,Does walking daily cause knee joint damage?,
can ultrasound cause damage?,1,10315:0,What is the cheapest possible diet that will not cause severe irreversible damage to your health?,
can ultrasound cause damage?,3,7428:0,Can headphones produce undesirable ultrasounds that can damage my hearing?,
can ultrasound cause damage?,2,755:0,Can I hear ultrasounds?,
can ultrasound cause damage?,2,9678:0,Non-ionizing sound waves,
can ultrasound cause damage?,3,24598:2,I guess this is a mixture of physical and medical reasons. The reason why I wonder is that x-rays are potentially damaging tissues while ultra-sonics do not (at all? ).,
can ultrasound cause damage?,3,9678:1,"The Mayo Clinic website specifies that ""Diagnostic medical sonographers and vascular technologists use nonionizing, high-frequency sound waves (ultrasound) to diagnose, treat and prevent medical conditions"".",
my glasses cause me headache,3,3161:4,I've been wearing these glasses about 3 hours now (on and off with my old ones as I feel eye strain and headache) and the distortion has not lessened.,<eye><ophthalmology>,
my glasses cause me headache,1,3483:3,What can cause a visual disturbance followed by a headache?,<brain><tumors>,
my glasses cause me headache,3,13126:2,"I find that I get headaches if I wear tight glasses, and found a similar question here: Can tight glasses cause headaches?",<blood-circulation><glasses>,
my glasses cause me headache,3,1530:8,I've had similar problems with other frames in the past.,
my glasses cause me headache,3,1530:11,It didn't solve the issue I had at all but it did make me 5 euros lighter.,
my glasses cause me headache,2,1530:17,"The trade-off is that it doesn't sit as tightly on my face as before, but I can run without my glasses falling off.",
my glasses cause me headache,3,1530:0,Can tight glasses cause headaches?,
my glasses cause me headache,3,1530:2,I've had this problem for a very long time where the glasses leave a dent in my head.,
my glasses cause me headache,3,1530:7,"I usually get a headache, but it feels relieved when I take off my glasses for a bit. Is this perhaps a psychological effect or my tight glasses be causing headaches?",
my glasses cause me headache,3,1530:9,"I have taken my glasses to the store halve a year ago explaining my problem, but the people there didn't really say much.",
my glasses cause me headache,3,1530:12,I notice this topic is gaining a lot of attention. The problem is actually solved now; the tight frames did in fact cause the headaches.,
negative effects of antibiotics,3,4618:0,Effect of antibiotics on breastfed infant,<antibiotics><pediatrics><infant><breastfeeding><gut-microbiota-flora>,
negative effects of antibiotics,1,11575:2,Is there any evidence that taking a bath or shower when sick has negative effects?,<water><disease><fever><bath>,
negative effects of antibiotics,2,19203:2,Is it possible that antibiotic resistance also means that some bacteria will be harder for the immune system (without effective antibiotics) to combat?,<antibiotics>,
negative effects of antibiotics,3,3069:1,"Ear infections are not contagious, and most resolve without antibiotics. There are risks inherent with excessive antibiotic use as well as many allergies and negative side effects.",
negative effects of antibiotics,2,4618:2,"How does breastfeeding impact the negative influence of antibiotics on the infant body, e.g. gut flora? Are there any studies made? Thanks!",
negative effects of antibiotics,3,99:0,Why does my antibiotic make my urine yellow?,
negative effects of antibiotics,3,5951:0,Even topical tetracycline causes teeth discoloration?,
negative effects of antibiotics,3,99:1,"When I was given antibiotics for fever by my doctor, I noticed that my urine is unusually yellow. Why is that?",
negative effects of antibiotics,3,20784:0,Why is Tobramycin prescribed for ear infections?,
negative effects of antibiotics,3,5951:1,I learned that tetracycline can cause tooth discoloratoin when taken orally. How about topical use as a creme? Can tetracycline also stain the tooth through skin absorption?,
negative effects of antibiotics,1,1814:0,What are the negative health effects of Absolute Zero Monster Energy,
negative effects of antibiotics,1,3268:5,"Also, the test can come back as ""positive"", ""negative"" or ""inconclusive"" for MRSA. What makes a test ""inconclusive""?",
negative effects of antibiotics,3,359:3,"For example, are there occasions when even prescribed antibiotics should be avoided?",
negative effects of antibiotics,3,18184:3,"My question is, do the two antibiotics have antagonistic effects? If so, is it a one-way antagonism and which way?",
negative effects of antibiotics,3,6991:0,Why does overuse of antibiotics cause resistance?,
negative effects of antibiotics,3,21083:3,I google through many pages in Polish and English. I found potential alergic effect and influence on blood clotting but no word about interactions with antibiotics is it safe or dangerous.,
negative effects of antibiotics,2,17787:6,Can someone maybe explain what the right reaction in such a case would be?,
gallstones relief,2,3399:0,Can ulcer pain be distinguished from gallstone pain?,<pain><gastroenterology><ulcers><gallstone>,
gallstones relief,3,17630:0,"Why after 140 years, is the primary surgical treatment for gallstones to still just chop out the gallbladder?",
gallstones relief,2,20760:0,"Does intermittent fasting increase or decrease the odds of getting gallstones, assuming a healthy diet?",
gallstones relief,2,10821:4,"Anyway, I am having an ultrasound to confirm the findings of gallstones (or kidney stones), but even if they found gallstones, what then do they do? Since the gallbladder was already removed?",
gallstones relief,1,10142:3,"So my question is; How does the use of Robb(balm) relief the pain, is there a chemical constituent present in it that brings about such relief?",
gallstones relief,1,9091:3,Are there any options for at least a temporary relief?,
gallstones relief,1,5664:0,Why does exercise relief stomach pain/bloating,
gallstones relief,1,1740:3,"He asked me to take an antibiotic and cough syrup for all this time, but I don't see any relief.",
gallstones relief,3,669:0,Gallstones pain relief?,
gallstones relief,3,17630:8,"Is there really still no better surgical option available, to remove gallstones and leave the repaired, emptied gallbladder in place?",
gallstones relief,3,669:1,"What suggestions are there for pain relief caused by stones in the gallbladder, while waiting for surgery date?",
gallstones relief,2,17630:1,"The practice of completely cutting out the gallbladder to ""cure"" gallstones goes back to 1878 when it was first successfully performed, and which is nearly prehistoric times in medical history and technology.",
gallstones relief,1,9475:3,I've ignored this for years and my doctor visits have yielded no clarity on the issue. I've also not found any answers with online research.,
I am concerned that my stiches (sutures) are not healing fast enough,2,8709:0,Vicryl suture not dissolving,<surgery>,
I am concerned that my stiches (sutures) are not healing fast enough,2,13418:0,Does fasting inhibit healing?,<nutrition><fasting>,
I am concerned that my stiches (sutures) are not healing fast enough,2,13418:4,"Namely, the body really doesn't use protein for energy, but for rebuilding tissues, essentially a constant, slow healing process. Without a supply of amino acids, is proper healing inhibited while fasting?",<nutrition><fasting>,
I am concerned that my stiches (sutures) are not healing fast enough,1,30801:10,"But is the absorption through skin deterministic and fast enough to get accurate dosage, or could it be diluted for ingestion?",
I am concerned that my stiches (sutures) are not healing fast enough,3,15019:5,"Then I pulled out 3 or 4 more purple threads from the wound area. At this point in time, the area of the incision did not appear to be healing.",
I am concerned that my stiches (sutures) are not healing fast enough,3,15019:0,Allergy to Vicryl Sutures,
I am concerned that my stiches (sutures) are not healing fast enough,1,31326:12,"Practically i don't think blood gases can be tested for CO2 fast enough to show this waveform, so i don't know how these waveforms can be obtained.",
I am concerned that my stiches (sutures) are not healing fast enough,1,17108:9,"This only works for diseases for which your body can invent antibodies (given enough time), for which it will remember the antibodies and for which the pathogens don't evolve fast.",
I am concerned that my stiches (sutures) are not healing fast enough,2,15019:7,How can I avoid this happening in future surgeries?,
I am concerned that my stiches (sutures) are not healing fast enough,2,15222:0,Can any wound be sutured?,
I am concerned that my stiches (sutures) are not healing fast enough,1,15222:1,"Basically, it is the broader question for this problem.",
I am concerned that my stiches (sutures) are not healing fast enough,3,15019:2,"After the surgeon removed the exterior sutures, I was still having problems with the wound healing. After another week or so, I noticed something on my palm at the incision site.",
I am concerned that my stiches (sutures) are not healing fast enough,2,8709:1,"I had surgery recently, the doctor said he used vicryl suture to close the wound.",
"eye floaters: are they dangerous, how to get rid of them?",1,12800:1,"I recall from a commercial that brushing is to get rid of plaque, and the point of getting rid of plaque is to stop it from producing acid with sugars.",
"eye floaters: are they dangerous, how to get rid of them?",1,18186:2,What should i do to get rid of this problem?,
"eye floaters: are they dangerous, how to get rid of them?",1,1618:0,How To Get Rid Of Bloated Stomach?,
"eye floaters: are they dangerous, how to get rid of them?",1,13767:0,How to get rid of acne marks and scars?,
"eye floaters: are they dangerous, how to get rid of them?",1,608:3,"I'm asking to get more information about this topic: which substances are these, where do they come from, and how to get rid of them if there's a way.",
"eye floaters: are they dangerous, how to get rid of them?",3,15:0,Will eye floaters ever disappear?,
"eye floaters: are they dangerous, how to get rid of them?",3,3452:0,What causes optical floaters to be more or less visible?,
"eye floaters: are they dangerous, how to get rid of them?",1,14008:8,"As I understand it, the main disadvantage of boiling water is that it doesn't get rid of dissolved solids and other possibly dangerous impurities.",
"eye floaters: are they dangerous, how to get rid of them?",3,3452:1,"When I first started getting floaters in my eyes (several years ago), my opthalmologist told me that they don't go away but over time your brain learns to ignore them/filter them out.",
"eye floaters: are they dangerous, how to get rid of them?",3,3452:9,"In case it matters, my floaters were not caused by eye trauma or retina problems; I was told this is just part of the aging process.",
"eye floaters: are they dangerous, how to get rid of them?",3,15:1,According to wikipedia on eye floaters:  Floaters are often caused by the normal aging process and will usually disappear as the brain learns to ignore them.,
"eye floaters: are they dangerous, how to get rid of them?",3,3452:5,"How do floaters ""work""?",
"eye floaters: are they dangerous, how to get rid of them?",3,3452:10,I am not asking for a personal diagnosis. This is a physiology question -- what's going on in the eye (or brain) when floaters are active?,
cure for snake venom,1,4776:2,The argument towards snake venom being safe to ingest is that snake venom is digested into amino acids.,
cure for snake venom,1,4776:11,In fact I think that snake venom is more acid resistant than most proteins and so less will be digested. Also the proteins might be too complex for pepsin to break them down.,
cure for snake venom,3,545:1,"If a person is bitten by a snake, what first aid measures should be taken to prevent the venom from spreading all over the body until the proper medical help arrives?",
cure for snake venom,3,545:0,First aid measures for a snake bite,
cure for snake venom,1,4776:0,Is hemotoxic snake venom safe to ingest?,
cure for snake venom,1,4776:1,I have heard that snake venom is safe to ingest. Normally when I hear about this it is about hemotoxic venoms such as that of a rattlesnake.,
cure for snake venom,1,4776:12,So is hemotoxic snake venom safe to ingest or is it something with a high risk of poisoning if it gets ingested and there are no wounds in the digestive system?,
toothpaste with or without fluoride? Pros and cons?,1,15398:3,Can those with an understanding of diet and physiology provide some pro/con considerations for each option?,<nutrition><diet>,
toothpaste with or without fluoride? Pros and cons?,1,15398:0,"In comparing the healthiness of shredded wheat and bran flakes, what are some pro/con considerations for each?",<nutrition><diet>,
toothpaste with or without fluoride? Pros and cons?,1,3616:0,What are the pros and cons of personalized medicine?,
toothpaste with or without fluoride? Pros and cons?,1,813:0,What are the pros and cons of a glycerin based personal lubricant?,
toothpaste with or without fluoride? Pros and cons?,1,5424:8,I would like to know what are the pros and cons of sleeping with and without a bra under the assumption that my bra is a perfect fit and does not by itself cause any problems.,
toothpaste with or without fluoride? Pros and cons?,3,17458:1,Long story short: Is there a maximum number of teeth brushing per day without having fluoride poisoning?,
toothpaste with or without fluoride? Pros and cons?,2,1401:3,Example from http://www.,
toothpaste with or without fluoride? Pros and cons?,3,14642:0,What does fluoride toothpaste do to the dentin on the teeth?,
toothpaste with or without fluoride? Pros and cons?,3,12984:1,Assuming I am not on any prescribed toothpaste and only toothpaste I been using are conventional toothpaste bought over the counter with fluoride.,
toothpaste with or without fluoride? Pros and cons?,3,17458:0,Fluoride poisoning by toothpaste,
toothpaste with or without fluoride? Pros and cons?,3,4328:7,"Or, should I look for a fluoride rinse, and would that be an effective replacement for toothpaste containing fluoride?",
toothpaste with or without fluoride? Pros and cons?,3,12984:3,Would there be any risks or effects by switching to a toothpaste that does not contain fluoride?,
toothpaste with or without fluoride? Pros and cons?,3,12984:0,Are there any risks about switching to a non-fluoride toothpaste?,
toothpaste with or without fluoride? Pros and cons?,3,4328:4,"I'd still use it if it contained fluoride, but I have yet to find a ""healthy"" toothpaste that does.",
toothpaste with or without fluoride? Pros and cons?,3,15277:0,Is it beneficial to keep using fluorised toothpaste after prolonged use?,
when is it safe to take a blood test?,3,9142:0,When to take a blood test after a gout attack,
when is it safe to take a blood test?,2,1487:2,"Whenever I have to take a blood sample to run some tests on it, I am always told not to eat anything for about 12 hours before the test.",
when is it safe to take a blood test?,1,8867:4,"Is it Possible/Safe/Reasonable to take some medication to increase your blood pressure, so it returns to normal? If not, and one just have to deal with low blood-pressure...How to deal with low blood-pressure?",
when is it safe to take a blood test?,1,1166:1,Can a common blood test spot cancer in general? Or is it necessary to take some specific tests for each kind of cancer?,
when is it safe to take a blood test?,3,1487:0,Why should I fast before taking blood tests?,
when is it safe to take a blood test?,3,1487:6,"Guess at the end of the test they should say ""well, you will probably be fine, as long as you take another blood test every couple of days"".",
when is it safe to take a blood test?,2,21010:1,"This is a genuine question, which so far I've been unable to find an answer to.",
when is it safe to take a blood test?,1,522:0,How long should a person keep blood test results?,
when is it safe to take a blood test?,3,19613:0,Risk of HIV transmission during blood test?,
are dog bites dangerous?,3,11865:0,Which is the best injection after dog bite in india,<injections>,
are dog bites dangerous?,2,3694:0,Can I apply dettol & adhesive bandages on dog bites?,
are dog bites dangerous?,2,11864:0,Is there any food restrictions after dog bite,
are dog bites dangerous?,2,11864:1,"When a street dog bites a human, Are there any food restrictions while being treated? I heard we should't eat spicy foods and non veg , is it another myth ?",
are dog bites dangerous?,3,12761:2,So if I get bitten by a house dog what could be the case?,
are dog bites dangerous?,3,9134:0,Can dog bites cause Echinococcosis?,
are dog bites dangerous?,3,9134:1,"I know that dog bites are dangerous and can give you rabies,but can a dog bite cause Echinococcosis?",
are dog bites dangerous?,3,12761:0,Whose bite is worse for infection a cat's bite or a dogs?,
are dog bites dangerous?,3,16861:10,This source compares dog vaccine to human vaccine so it's not that related and I can't find useful sources.,
are dog bites dangerous?,3,16861:1,"When a dog bites a person, why is it necessary to take about 5 injections or needles? Why not just one big injection?",
what are the side effects of Benadryl?,1,4389:0,What are the long-term side effects of melatonin?,
what are the side effects of Benadryl?,1,19144:5,I found this link but it's a bit of a wall of text.,
what are the side effects of Benadryl?,2,248:0,Do Benadryl and Loratadine contain the same active ingredient?,
what are the side effects of Benadryl?,1,13806:0,How common are tics as a side-effect when taking Lamotrigine?,
what are the side effects of Benadryl?,1,1484:4,"Hypoglycemia, dehydration, weight loss, and disorientation. Additional signs and symptoms include weakness, tiredness, dizziness, low blood pressure that falls further when standing (orthostatic hypotension), cardiovascular collapse, muscle aches, nausea, vomiting, and diarrhea.",
what are the side effects of Benadryl?,1,263:0,Effects and side effects of artifical oxytocin,
what are the side effects of Benadryl?,1,823:0,Antidepressants and side effects,
what are the side effects of Benadryl?,3,17340:2,"If you take a drug that blocks m1 for long periods of time and attempt to stop like Benadryl or many antidepressants, insomnia is a likely side effect.",
what are the side effects of Benadryl?,1,7315:0,Are generics tested for side effects?,
what are the side effects of Benadryl?,1,19599:0,Does ecdysterone supplementation have any deleterious side effects?,
what are the side effects of Benadryl?,2,12107:0,Taking Benadryl after Claritin,
are computer glasses helpful in reducing eye fatigue or other eye problems?,3,5466:9,Is it safe to assume that glasses like these will reduce the strain on my eyes because they don't have to focus so much anymore?,<eye><effectiveness><vision><stress><glasses>,
are computer glasses helpful in reducing eye fatigue or other eye problems?,2,3262:0,an animation of an object moving randomly on a computer screen to reduce eye strain?,<eye><computers>,
are computer glasses helpful in reducing eye fatigue or other eye problems?,1,9129:0,How is the eye score interpreted?,
are computer glasses helpful in reducing eye fatigue or other eye problems?,2,9842:0,Increase vision clarity with eye exercices?,
are computer glasses helpful in reducing eye fatigue or other eye problems?,1,10723:3,"In other words, a lens should has exactly one value for dioptre.",
are computer glasses helpful in reducing eye fatigue or other eye problems?,1,10221:4,Has anyone had these experiences before? Is this normal?,
are computer glasses helpful in reducing eye fatigue or other eye problems?,3,5466:11,One person recommends special glasses another thinks they're not helpful.,
are computer glasses helpful in reducing eye fatigue or other eye problems?,3,5466:1,It's very likely that I will be spending most of my life in front of a computer monitor.,
are computer glasses helpful in reducing eye fatigue or other eye problems?,2,1652:5,Clarification I'm interested in physical and cognitive/brain problems alike. Cognitive problems are more important in this case. Examples of physical problems likely for long-time computer users: Back bending. Eye-sight damage.,
are computer glasses helpful in reducing eye fatigue or other eye problems?,3,5466:0,Do computer glasses actually work?,
are computer glasses helpful in reducing eye fatigue or other eye problems?,3,5466:5,My question is this: I came across computer glasses but opinions are divided and I wonder what is true.,
are computer glasses helpful in reducing eye fatigue or other eye problems?,2,52:1,"My job requires long periods of computer screen use. I have good eyesight (20/15) and don't wear glasses, but I definitely notice my eyes feeling fatigued at the end of the day.",
are computer glasses helpful in reducing eye fatigue or other eye problems?,2,13259:0,Can looking at a computer screen be good for your eyes?,
are computer glasses helpful in reducing eye fatigue or other eye problems?,1,13259:4,Now I am 31 years old and I don't use glasses and don't have any problem with my eyes.,
what are the best sleeping positions?,1,912:1,"Does the position of my arm and body matter? If yes, then how? What's the best body position for measuring the blood pressure?",<blood-pressure>,
what are the best sleeping positions?,1,912:0,What's the best body position for measuring the blood pressure?,<blood-pressure>,
what are the best sleeping positions?,3,1063:3,EDIT: Here are some example articles which speak negatively about stomach sleeping. http://www. cnn.com/2011/HEALTH/04/19/healthiest. sleep. position/ http://www. doctoroz.com/article/best-sleep-positions http://www. mayoclinic.org/diseases-conditions/back-pain/multimedia/sleeping-positions/sls-20076452?,
what are the best sleeping positions?,1,3841:3,"Obviously the best solution would be to cease drinking, but IF that person is stubborn and won't quit - what's the best way to go about it?",
what are the best sleeping positions?,1,7654:0,What are the best hours to sleep?,
what are the best sleeping positions?,1,11865:0,Which is the best injection after dog bite in india,
what are the best sleeping positions?,1,1017:1,I wondered what was the best for the health.,
what are the best sleeping positions?,1,3180:0,Best type of flu shot,
what are the best sleeping positions?,3,4043:1,I usually experience back pain while I sleep. I was wondering if there is any way to prevent this. Are there specific sleeping positions that can prevent back pain? Should I use different types of beds or pillows?,
what are the best sleeping positions?,3,5626:3,"pain is worst when sleeping – sleeping on my back is best, sleeping on stomach or side is impossible. This pain will last for the following day at least. I use some special pillows with moderate success.",
what are the best sleeping positions?,2,5044:13,"Neck benefits: The people that believe sleeping without a pillow is best for you, argue that sleeping with a pillow can be the main source of shoulder and neck pain.",
what are the best sleeping positions?,1,20991:0,Sleeping during the day instead of sleeping at night,
what are the best sleeping positions?,3,582:2,"Is this true, and if so, in what way does it affect a person and which is the best position to sleep in?",
what are the best sleeping positions?,2,5044:0,Is it better to sleep without a pillow?,
what are the best sleeping positions?,3,582:0,Does sleeping position affect health?,
what are the best sleeping positions?,3,9208:0,What should be the position of feet while sleeping?,
what are the best sleeping positions?,3,541:3,"Of course, any sleeping arrangement that makes it difficult to get to sleep or to stay asleep is inferior.",
how can tinnitus be cured?,2,496:0,Does the *frequency* of loud sounds one is exposed to affect Tinnitus risk?,<hearing>,
how can tinnitus be cured?,3,12991:0,Ringing in ears,
how can tinnitus be cured?,2,12991:2,Some scientific explanation would be more apt.,
how can tinnitus be cured?,2,10498:2,I can't make it stop and it's difficult to push through so I can hear.,
how can tinnitus be cured?,1,3345:0,Is regular nightly usage of earplugs healthy?,
how can tinnitus be cured?,1,15609:1,Acute bacterial prostatitis can be cured with antibiotics while chronic prostatitis cannot be cured by antibiotics. Why is this the case?,
how can tinnitus be cured?,2,12991:5,Is there any valid study that pin-points cervical pain to be a reason for Tinnitus?,
how can tinnitus be cured?,2,10498:1,Why is it that some people have tinnitus and some don't. Sometimes I feel like I'm so isolated because of the noise in my head.,
how can tinnitus be cured?,3,10953:8,"I know chronic high blood pressure can cause pulsatile tinnitus, but my question is directed at non-pulsatile tinnitus.",
how can tinnitus be cured?,3,1789:0,Is there any efficient treatment of Tinnitus (Ear ringing)?,
how can tinnitus be cured?,3,15496:0,Can induced deafness cure tinnitus,
how can tinnitus be cured?,2,12991:7,"I can understand that exercise improves the blood flow which could have helped, but what continued the relief for 2days?",
how can tinnitus be cured?,2,12991:6,"I observed that cardio exercises and outdoor gaming activity, temporarily eradicated this problem. The longest relief span recorded by me was 2 days.",
how can tinnitus be cured?,3,1789:3,"After many googling attempts, reading other people cases, I've not even found at least a person who recovered from Tinnitus. Now, I'm just wondering if this malady hasn't actually a remedy.",
how can tinnitus be cured?,3,15496:2,So wouldn't that mean that just eliminating the hairs entirely would cure the tinnitus? Deafness would be caused but some people would likely find living with no sound at all more preferable to constant ringing.,<hearing><ear><tinnitus><cure><deaf>,
how can tinnitus be cured?,2,15496:1,"Some forms of tinnitus are caused by damage to the microscopic hairs in the inner ear, that, once damaged, can send electrical signals that cause the ringing sound.",<hearing><ear><tinnitus><cure><deaf>,
